Date,Unemployment Rate,State,varb,Real Per Capita Personal Income
2019-01-01,3.6,AL,Unemployment Rate,
2019-02-01,3.5,AL,Unemployment Rate,
2019-03-01,3.3,AL,Unemployment Rate,
2019-04-01,3.2,AL,Unemployment Rate,
2019-05-01,3.0,AL,Unemployment Rate,
2019-06-01,2.9,AL,Unemployment Rate,
2019-07-01,2.8,AL,Unemployment Rate,
2019-08-01,2.8,AL,Unemployment Rate,
2019-09-01,2.7,AL,Unemployment Rate,
2019-10-01,2.7,AL,Unemployment Rate,
2019-11-01,2.7,AL,Unemployment Rate,
2019-12-01,2.7,AL,Unemployment Rate,
2020-01-01,2.7,AL,Unemployment Rate,
2020-02-01,2.7,AL,Unemployment Rate,
2020-03-01,3.0,AL,Unemployment Rate,
2020-04-01,13.8,AL,Unemployment Rate,
2020-05-01,9.6,AL,Unemployment Rate,
2020-06-01,7.6,AL,Unemployment Rate,
2020-07-01,7.9,AL,Unemployment Rate,
2020-08-01,5.6,AL,Unemployment Rate,
2020-09-01,6.7,AL,Unemployment Rate,
2020-10-01,5.8,AL,Unemployment Rate,
2014-01-01,,AL,Real Per Capita Personal Income,41697.0
2015-01-01,,AL,Real Per Capita Personal Income,43290.0
2016-01-01,,AL,Real Per Capita Personal Income,43922.0
2017-01-01,,AL,Real Per Capita Personal Income,44545.0
2018-01-01,,AL,Real Per Capita Personal Income,45397.0
2019-01-01,6.1,AK,Unemployment Rate,
2019-02-01,6.1,AK,Unemployment Rate,
2019-03-01,6.1,AK,Unemployment Rate,
2019-04-01,6.1,AK,Unemployment Rate,
2019-05-01,6.2,AK,Unemployment Rate,
2019-06-01,6.2,AK,Unemployment Rate,
2019-07-01,6.2,AK,Unemployment Rate,
2019-08-01,6.2,AK,Unemployment Rate,
2019-09-01,6.2,AK,Unemployment Rate,
2019-10-01,6.1,AK,Unemployment Rate,
2019-11-01,6.1,AK,Unemployment Rate,
2019-12-01,6.1,AK,Unemployment Rate,
2020-01-01,6.0,AK,Unemployment Rate,
2020-02-01,5.8,AK,Unemployment Rate,
2020-03-01,5.2,AK,Unemployment Rate,
2020-04-01,13.5,AK,Unemployment Rate,
2020-05-01,12.7,AK,Unemployment Rate,
2020-06-01,12.4,AK,Unemployment Rate,
2020-07-01,11.6,AK,Unemployment Rate,
2020-08-01,7.4,AK,Unemployment Rate,
2020-09-01,7.2,AK,Unemployment Rate,
2020-10-01,5.9,AK,Unemployment Rate,
2014-01-01,,AK,Real Per Capita Personal Income,51144.0
2015-01-01,,AK,Real Per Capita Personal Income,53048.0
2016-01-01,,AK,Real Per Capita Personal Income,51069.0
2017-01-01,,AK,Real Per Capita Personal Income,51243.0
2018-01-01,,AK,Real Per Capita Personal Income,52816.0
2019-01-01,4.9,AZ,Unemployment Rate,
2019-02-01,4.9,AZ,Unemployment Rate,
2019-03-01,4.8,AZ,Unemployment Rate,
2019-04-01,4.8,AZ,Unemployment Rate,
2019-05-01,4.8,AZ,Unemployment Rate,
2019-06-01,4.8,AZ,Unemployment Rate,
2019-07-01,4.7,AZ,Unemployment Rate,
2019-08-01,4.6,AZ,Unemployment Rate,
2019-09-01,4.6,AZ,Unemployment Rate,
2019-10-01,4.5,AZ,Unemployment Rate,
2019-11-01,4.5,AZ,Unemployment Rate,
2019-12-01,4.5,AZ,Unemployment Rate,
2020-01-01,4.5,AZ,Unemployment Rate,
2020-02-01,4.5,AZ,Unemployment Rate,
2020-03-01,6.1,AZ,Unemployment Rate,
2020-04-01,13.4,AZ,Unemployment Rate,
2020-05-01,9.0,AZ,Unemployment Rate,
2020-06-01,10.0,AZ,Unemployment Rate,
2020-07-01,10.7,AZ,Unemployment Rate,
2020-08-01,5.9,AZ,Unemployment Rate,
2020-09-01,6.5,AZ,Unemployment Rate,
2020-10-01,8.0,AZ,Unemployment Rate,
2014-01-01,,AZ,Real Per Capita Personal Income,38818.0
2015-01-01,,AZ,Real Per Capita Personal Income,40181.0
2016-01-01,,AZ,Real Per Capita Personal Income,40963.0
2017-01-01,,AZ,Real Per Capita Personal Income,41949.0
2018-01-01,,AZ,Real Per Capita Personal Income,42742.0
2019-01-01,3.6,AR,Unemployment Rate,
2019-02-01,3.6,AR,Unemployment Rate,
2019-03-01,3.5,AR,Unemployment Rate,
2019-04-01,3.5,AR,Unemployment Rate,
2019-05-01,3.5,AR,Unemployment Rate,
2019-06-01,3.6,AR,Unemployment Rate,
2019-07-01,3.6,AR,Unemployment Rate,
2019-08-01,3.6,AR,Unemployment Rate,
2019-09-01,3.6,AR,Unemployment Rate,
2019-10-01,3.5,AR,Unemployment Rate,
2019-11-01,3.5,AR,Unemployment Rate,
2019-12-01,3.5,AR,Unemployment Rate,
2020-01-01,3.5,AR,Unemployment Rate,
2020-02-01,3.5,AR,Unemployment Rate,
2020-03-01,5.0,AR,Unemployment Rate,
2020-04-01,10.8,AR,Unemployment Rate,
2020-05-01,9.6,AR,Unemployment Rate,
2020-06-01,8.1,AR,Unemployment Rate,
2020-07-01,7.1,AR,Unemployment Rate,
2020-08-01,7.4,AR,Unemployment Rate,
2020-09-01,7.2,AR,Unemployment Rate,
2020-10-01,6.2,AR,Unemployment Rate,
2014-01-01,,AR,Real Per Capita Personal Income,42888.0
2015-01-01,,AR,Real Per Capita Personal Income,43797.0
2016-01-01,,AR,Real Per Capita Personal Income,44611.0
2017-01-01,,AR,Real Per Capita Personal Income,45655.0
2018-01-01,,AR,Real Per Capita Personal Income,47158.0
2019-01-01,4.3,CA,Unemployment Rate,
2019-02-01,4.3,CA,Unemployment Rate,
2019-03-01,4.2,CA,Unemployment Rate,
2019-04-01,4.2,CA,Unemployment Rate,
2019-05-01,4.1,CA,Unemployment Rate,
2019-06-01,4.0,CA,Unemployment Rate,
2019-07-01,4.0,CA,Unemployment Rate,
2019-08-01,3.9,CA,Unemployment Rate,
2019-09-01,3.9,CA,Unemployment Rate,
2019-10-01,3.9,CA,Unemployment Rate,
2019-11-01,3.9,CA,Unemployment Rate,
2019-12-01,3.9,CA,Unemployment Rate,
2020-01-01,3.9,CA,Unemployment Rate,
2020-02-01,3.9,CA,Unemployment Rate,
2020-03-01,5.5,CA,Unemployment Rate,
2020-04-01,16.4,CA,Unemployment Rate,
2020-05-01,16.4,CA,Unemployment Rate,
2020-06-01,14.9,CA,Unemployment Rate,
2020-07-01,13.5,CA,Unemployment Rate,
2020-08-01,11.2,CA,Unemployment Rate,
2020-09-01,11.1,CA,Unemployment Rate,
2020-10-01,9.3,CA,Unemployment Rate,
2014-01-01,,CA,Real Per Capita Personal Income,44859.0
2015-01-01,,CA,Real Per Capita Personal Income,47694.0
2016-01-01,,CA,Real Per Capita Personal Income,48579.0
2017-01-01,,CA,Real Per Capita Personal Income,49609.0
2018-01-01,,CA,Real Per Capita Personal Income,51274.0
2019-01-01,3.2,CO,Unemployment Rate,
2019-02-01,3.1,CO,Unemployment Rate,
2019-03-01,3.0,CO,Unemployment Rate,
2019-04-01,2.9,CO,Unemployment Rate,
2019-05-01,2.8,CO,Unemployment Rate,
2019-06-01,2.7,CO,Unemployment Rate,
2019-07-01,2.7,CO,Unemployment Rate,
2019-08-01,2.6,CO,Unemployment Rate,
2019-09-01,2.6,CO,Unemployment Rate,
2019-10-01,2.5,CO,Unemployment Rate,
2019-11-01,2.5,CO,Unemployment Rate,
2019-12-01,2.5,CO,Unemployment Rate,
2020-01-01,2.5,CO,Unemployment Rate,
2020-02-01,2.5,CO,Unemployment Rate,
2020-03-01,5.2,CO,Unemployment Rate,
2020-04-01,12.2,CO,Unemployment Rate,
2020-05-01,10.2,CO,Unemployment Rate,
2020-06-01,10.6,CO,Unemployment Rate,
2020-07-01,7.4,CO,Unemployment Rate,
2020-08-01,6.7,CO,Unemployment Rate,
2020-09-01,6.4,CO,Unemployment Rate,
2020-10-01,6.4,CO,Unemployment Rate,
2014-01-01,,CO,Real Per Capita Personal Income,48431.0
2015-01-01,,CO,Real Per Capita Personal Income,49579.0
2016-01-01,,CO,Real Per Capita Personal Income,49564.0
2017-01-01,,CO,Real Per Capita Personal Income,51345.0
2018-01-01,,CO,Real Per Capita Personal Income,53315.0
2019-01-01,3.8,CT,Unemployment Rate,
2019-02-01,3.8,CT,Unemployment Rate,
2019-03-01,3.7,CT,Unemployment Rate,
2019-04-01,3.7,CT,Unemployment Rate,
2019-05-01,3.7,CT,Unemployment Rate,
2019-06-01,3.7,CT,Unemployment Rate,
2019-07-01,3.7,CT,Unemployment Rate,
2019-08-01,3.7,CT,Unemployment Rate,
2019-09-01,3.7,CT,Unemployment Rate,
2019-10-01,3.8,CT,Unemployment Rate,
2019-11-01,3.8,CT,Unemployment Rate,
2019-12-01,3.8,CT,Unemployment Rate,
2020-01-01,3.7,CT,Unemployment Rate,
2020-02-01,3.8,CT,Unemployment Rate,
2020-03-01,3.4,CT,Unemployment Rate,
2020-04-01,8.3,CT,Unemployment Rate,
2020-05-01,9.6,CT,Unemployment Rate,
2020-06-01,10.1,CT,Unemployment Rate,
2020-07-01,10.2,CT,Unemployment Rate,
2020-08-01,8.1,CT,Unemployment Rate,
2020-09-01,7.7,CT,Unemployment Rate,
2020-10-01,6.1,CT,Unemployment Rate,
2014-01-01,,CT,Real Per Capita Personal Income,59609.0
2015-01-01,,CT,Real Per Capita Personal Income,61219.0
2016-01-01,,CT,Real Per Capita Personal Income,62658.0
2017-01-01,,CT,Real Per Capita Personal Income,64045.0
2018-01-01,,CT,Real Per Capita Personal Income,66978.0
2019-01-01,3.5,DE,Unemployment Rate,
2019-02-01,3.5,DE,Unemployment Rate,
2019-03-01,3.6,DE,Unemployment Rate,
2019-04-01,3.6,DE,Unemployment Rate,
2019-05-01,3.7,DE,Unemployment Rate,
2019-06-01,3.7,DE,Unemployment Rate,
2019-07-01,3.8,DE,Unemployment Rate,
2019-08-01,3.9,DE,Unemployment Rate,
2019-09-01,3.9,DE,Unemployment Rate,
2019-10-01,4.0,DE,Unemployment Rate,
2019-11-01,4.0,DE,Unemployment Rate,
2019-12-01,4.0,DE,Unemployment Rate,
2020-01-01,4.0,DE,Unemployment Rate,
2020-02-01,3.9,DE,Unemployment Rate,
2020-03-01,5.0,DE,Unemployment Rate,
2020-04-01,14.9,DE,Unemployment Rate,
2020-05-01,15.9,DE,Unemployment Rate,
2020-06-01,12.6,DE,Unemployment Rate,
2020-07-01,10.5,DE,Unemployment Rate,
2020-08-01,8.9,DE,Unemployment Rate,
2020-09-01,8.3,DE,Unemployment Rate,
2020-10-01,5.6,DE,Unemployment Rate,
2014-01-01,,DE,Real Per Capita Personal Income,44295.0
2015-01-01,,DE,Real Per Capita Personal Income,46637.0
2016-01-01,,DE,Real Per Capita Personal Income,46749.0
2017-01-01,,DE,Real Per Capita Personal Income,47714.0
2018-01-01,,DE,Real Per Capita Personal Income,49436.0
2019-01-01,3.4,FL,Unemployment Rate,
2019-02-01,3.4,FL,Unemployment Rate,
2019-03-01,3.4,FL,Unemployment Rate,
2019-04-01,3.3,FL,Unemployment Rate,
2019-05-01,3.2,FL,Unemployment Rate,
2019-06-01,3.2,FL,Unemployment Rate,
2019-07-01,3.1,FL,Unemployment Rate,
2019-08-01,3.0,FL,Unemployment Rate,
2019-09-01,2.9,FL,Unemployment Rate,
2019-10-01,2.9,FL,Unemployment Rate,
2019-11-01,2.8,FL,Unemployment Rate,
2019-12-01,2.9,FL,Unemployment Rate,
2020-01-01,2.8,FL,Unemployment Rate,
2020-02-01,2.8,FL,Unemployment Rate,
2020-03-01,4.4,FL,Unemployment Rate,
2020-04-01,13.8,FL,Unemployment Rate,
2020-05-01,13.7,FL,Unemployment Rate,
2020-06-01,10.3,FL,Unemployment Rate,
2020-07-01,11.4,FL,Unemployment Rate,
2020-08-01,7.3,FL,Unemployment Rate,
2020-09-01,7.2,FL,Unemployment Rate,
2020-10-01,6.5,FL,Unemployment Rate,
2014-01-01,,FL,Real Per Capita Personal Income,42273.0
2015-01-01,,FL,Real Per Capita Personal Income,44275.0
2016-01-01,,FL,Real Per Capita Personal Income,44044.0
2017-01-01,,FL,Real Per Capita Personal Income,45295.0
2018-01-01,,FL,Real Per Capita Personal Income,46346.0
2019-01-01,3.8,GA,Unemployment Rate,
2019-02-01,3.7,GA,Unemployment Rate,
2019-03-01,3.7,GA,Unemployment Rate,
2019-04-01,3.6,GA,Unemployment Rate,
2019-05-01,3.6,GA,Unemployment Rate,
2019-06-01,3.5,GA,Unemployment Rate,
2019-07-01,3.4,GA,Unemployment Rate,
2019-08-01,3.3,GA,Unemployment Rate,
2019-09-01,3.2,GA,Unemployment Rate,
2019-10-01,3.2,GA,Unemployment Rate,
2019-11-01,3.1,GA,Unemployment Rate,
2019-12-01,3.1,GA,Unemployment Rate,
2020-01-01,3.1,GA,Unemployment Rate,
2020-02-01,3.1,GA,Unemployment Rate,
2020-03-01,4.6,GA,Unemployment Rate,
2020-04-01,12.6,GA,Unemployment Rate,
2020-05-01,9.4,GA,Unemployment Rate,
2020-06-01,7.6,GA,Unemployment Rate,
2020-07-01,7.6,GA,Unemployment Rate,
2020-08-01,5.7,GA,Unemployment Rate,
2020-09-01,6.3,GA,Unemployment Rate,
2020-10-01,4.5,GA,Unemployment Rate,
2014-01-01,,GA,Real Per Capita Personal Income,42124.0
2015-01-01,,GA,Real Per Capita Personal Income,43680.0
2016-01-01,,GA,Real Per Capita Personal Income,44400.0
2017-01-01,,GA,Real Per Capita Personal Income,45479.0
2018-01-01,,GA,Real Per Capita Personal Income,46471.0
2019-01-01,2.8,HI,Unemployment Rate,
2019-02-01,2.8,HI,Unemployment Rate,
2019-03-01,2.8,HI,Unemployment Rate,
2019-04-01,2.7,HI,Unemployment Rate,
2019-05-01,2.7,HI,Unemployment Rate,
2019-06-01,2.7,HI,Unemployment Rate,
2019-07-01,2.7,HI,Unemployment Rate,
2019-08-01,2.7,HI,Unemployment Rate,
2019-09-01,2.7,HI,Unemployment Rate,
2019-10-01,2.7,HI,Unemployment Rate,
2019-11-01,2.6,HI,Unemployment Rate,
2019-12-01,2.7,HI,Unemployment Rate,
2020-01-01,2.7,HI,Unemployment Rate,
2020-02-01,2.7,HI,Unemployment Rate,
2020-03-01,2.4,HI,Unemployment Rate,
2020-04-01,23.8,HI,Unemployment Rate,
2020-05-01,23.5,HI,Unemployment Rate,
2020-06-01,13.4,HI,Unemployment Rate,
2020-07-01,13.5,HI,Unemployment Rate,
2020-08-01,13.0,HI,Unemployment Rate,
2020-09-01,15.0,HI,Unemployment Rate,
2020-10-01,14.3,HI,Unemployment Rate,
2014-01-01,,HI,Real Per Capita Personal Income,38887.0
2015-01-01,,HI,Real Per Capita Personal Income,40374.0
2016-01-01,,HI,Real Per Capita Personal Income,41394.0
2017-01-01,,HI,Real Per Capita Personal Income,42381.0
2018-01-01,,HI,Real Per Capita Personal Income,43595.0
2019-01-01,2.9,ID,Unemployment Rate,
2019-02-01,2.9,ID,Unemployment Rate,
2019-03-01,2.9,ID,Unemployment Rate,
2019-04-01,2.9,ID,Unemployment Rate,
2019-05-01,2.9,ID,Unemployment Rate,
2019-06-01,2.9,ID,Unemployment Rate,
2019-07-01,2.9,ID,Unemployment Rate,
2019-08-01,2.9,ID,Unemployment Rate,
2019-09-01,2.9,ID,Unemployment Rate,
2019-10-01,2.9,ID,Unemployment Rate,
2019-11-01,2.9,ID,Unemployment Rate,
2019-12-01,2.9,ID,Unemployment Rate,
2020-01-01,2.8,ID,Unemployment Rate,
2020-02-01,2.7,ID,Unemployment Rate,
2020-03-01,2.5,ID,Unemployment Rate,
2020-04-01,11.8,ID,Unemployment Rate,
2020-05-01,9.0,ID,Unemployment Rate,
2020-06-01,5.8,ID,Unemployment Rate,
2020-07-01,5.1,ID,Unemployment Rate,
2020-08-01,4.2,ID,Unemployment Rate,
2020-09-01,6.1,ID,Unemployment Rate,
2020-10-01,5.5,ID,Unemployment Rate,
2014-01-01,,ID,Real Per Capita Personal Income,39438.0
2015-01-01,,ID,Real Per Capita Personal Income,41547.0
2016-01-01,,ID,Real Per Capita Personal Income,42535.0
2017-01-01,,ID,Real Per Capita Personal Income,43272.0
2018-01-01,,ID,Real Per Capita Personal Income,44193.0
2019-01-01,4.4,IL,Unemployment Rate,
2019-02-01,4.3,IL,Unemployment Rate,
2019-03-01,4.3,IL,Unemployment Rate,
2019-04-01,4.2,IL,Unemployment Rate,
2019-05-01,4.1,IL,Unemployment Rate,
2019-06-01,4.0,IL,Unemployment Rate,
2019-07-01,3.9,IL,Unemployment Rate,
2019-08-01,3.8,IL,Unemployment Rate,
2019-09-01,3.7,IL,Unemployment Rate,
2019-10-01,3.7,IL,Unemployment Rate,
2019-11-01,3.7,IL,Unemployment Rate,
2019-12-01,3.7,IL,Unemployment Rate,
2020-01-01,3.5,IL,Unemployment Rate,
2020-02-01,3.4,IL,Unemployment Rate,
2020-03-01,4.2,IL,Unemployment Rate,
2020-04-01,17.2,IL,Unemployment Rate,
2020-05-01,15.3,IL,Unemployment Rate,
2020-06-01,14.5,IL,Unemployment Rate,
2020-07-01,11.5,IL,Unemployment Rate,
2020-08-01,11.0,IL,Unemployment Rate,
2020-09-01,10.4,IL,Unemployment Rate,
2020-10-01,6.8,IL,Unemployment Rate,
2014-01-01,,IL,Real Per Capita Personal Income,48528.0
2015-01-01,,IL,Real Per Capita Personal Income,50622.0
2016-01-01,,IL,Real Per Capita Personal Income,51086.0
2017-01-01,,IL,Real Per Capita Personal Income,51926.0
2018-01-01,,IL,Real Per Capita Personal Income,53893.0
2019-01-01,3.6,IN,Unemployment Rate,
2019-02-01,3.5,IN,Unemployment Rate,
2019-03-01,3.5,IN,Unemployment Rate,
2019-04-01,3.4,IN,Unemployment Rate,
2019-05-01,3.3,IN,Unemployment Rate,
2019-06-01,3.3,IN,Unemployment Rate,
2019-07-01,3.2,IN,Unemployment Rate,
2019-08-01,3.2,IN,Unemployment Rate,
2019-09-01,3.2,IN,Unemployment Rate,
2019-10-01,3.2,IN,Unemployment Rate,
2019-11-01,3.2,IN,Unemployment Rate,
2019-12-01,3.2,IN,Unemployment Rate,
2020-01-01,3.1,IN,Unemployment Rate,
2020-02-01,3.1,IN,Unemployment Rate,
2020-03-01,3.0,IN,Unemployment Rate,
2020-04-01,17.5,IN,Unemployment Rate,
2020-05-01,12.3,IN,Unemployment Rate,
2020-06-01,11.1,IN,Unemployment Rate,
2020-07-01,7.9,IN,Unemployment Rate,
2020-08-01,6.4,IN,Unemployment Rate,
2020-09-01,6.3,IN,Unemployment Rate,
2020-10-01,5.0,IN,Unemployment Rate,
2014-01-01,,IN,Real Per Capita Personal Income,44062.0
2015-01-01,,IN,Real Per Capita Personal Income,45995.0
2016-01-01,,IN,Real Per Capita Personal Income,46981.0
2017-01-01,,IN,Real Per Capita Personal Income,47761.0
2018-01-01,,IN,Real Per Capita Personal Income,48997.0
2019-01-01,2.7,IA,Unemployment Rate,
2019-02-01,2.7,IA,Unemployment Rate,
2019-03-01,2.7,IA,Unemployment Rate,
2019-04-01,2.7,IA,Unemployment Rate,
2019-05-01,2.7,IA,Unemployment Rate,
2019-06-01,2.7,IA,Unemployment Rate,
2019-07-01,2.7,IA,Unemployment Rate,
2019-08-01,2.8,IA,Unemployment Rate,
2019-09-01,2.8,IA,Unemployment Rate,
2019-10-01,2.8,IA,Unemployment Rate,
2019-11-01,2.8,IA,Unemployment Rate,
2019-12-01,2.8,IA,Unemployment Rate,
2020-01-01,2.8,IA,Unemployment Rate,
2020-02-01,2.8,IA,Unemployment Rate,
2020-03-01,3.3,IA,Unemployment Rate,
2020-04-01,11.0,IA,Unemployment Rate,
2020-05-01,10.2,IA,Unemployment Rate,
2020-06-01,8.4,IA,Unemployment Rate,
2020-07-01,6.8,IA,Unemployment Rate,
2020-08-01,6.3,IA,Unemployment Rate,
2020-09-01,4.8,IA,Unemployment Rate,
2020-10-01,3.6,IA,Unemployment Rate,
2014-01-01,,IA,Real Per Capita Personal Income,48301.0
2015-01-01,,IA,Real Per Capita Personal Income,49974.0
2016-01-01,,IA,Real Per Capita Personal Income,49742.0
2017-01-01,,IA,Real Per Capita Personal Income,50003.0
2018-01-01,,IA,Real Per Capita Personal Income,52288.0
2019-01-01,3.3,KS,Unemployment Rate,
2019-02-01,3.3,KS,Unemployment Rate,
2019-03-01,3.2,KS,Unemployment Rate,
2019-04-01,3.2,KS,Unemployment Rate,
2019-05-01,3.1,KS,Unemployment Rate,
2019-06-01,3.1,KS,Unemployment Rate,
2019-07-01,3.1,KS,Unemployment Rate,
2019-08-01,3.1,KS,Unemployment Rate,
2019-09-01,3.1,KS,Unemployment Rate,
2019-10-01,3.1,KS,Unemployment Rate,
2019-11-01,3.1,KS,Unemployment Rate,
2019-12-01,3.1,KS,Unemployment Rate,
2020-01-01,3.1,KS,Unemployment Rate,
2020-02-01,3.1,KS,Unemployment Rate,
2020-03-01,2.8,KS,Unemployment Rate,
2020-04-01,11.9,KS,Unemployment Rate,
2020-05-01,10.0,KS,Unemployment Rate,
2020-06-01,7.5,KS,Unemployment Rate,
2020-07-01,7.2,KS,Unemployment Rate,
2020-08-01,6.9,KS,Unemployment Rate,
2020-09-01,5.9,KS,Unemployment Rate,
2020-10-01,5.3,KS,Unemployment Rate,
2014-01-01,,KS,Real Per Capita Personal Income,50253.0
2015-01-01,,KS,Real Per Capita Personal Income,51104.0
2016-01-01,,KS,Real Per Capita Personal Income,50826.0
2017-01-01,,KS,Real Per Capita Personal Income,51468.0
2018-01-01,,KS,Real Per Capita Personal Income,53125.0
2019-01-01,4.2,KY,Unemployment Rate,
2019-02-01,4.2,KY,Unemployment Rate,
2019-03-01,4.2,KY,Unemployment Rate,
2019-04-01,4.3,KY,Unemployment Rate,
2019-05-01,4.3,KY,Unemployment Rate,
2019-06-01,4.3,KY,Unemployment Rate,
2019-07-01,4.3,KY,Unemployment Rate,
2019-08-01,4.3,KY,Unemployment Rate,
2019-09-01,4.3,KY,Unemployment Rate,
2019-10-01,4.3,KY,Unemployment Rate,
2019-11-01,4.3,KY,Unemployment Rate,
2019-12-01,4.3,KY,Unemployment Rate,
2020-01-01,4.3,KY,Unemployment Rate,
2020-02-01,4.2,KY,Unemployment Rate,
2020-03-01,5.2,KY,Unemployment Rate,
2020-04-01,16.6,KY,Unemployment Rate,
2020-05-01,10.9,KY,Unemployment Rate,
2020-06-01,4.4,KY,Unemployment Rate,
2020-07-01,4.5,KY,Unemployment Rate,
2020-08-01,7.5,KY,Unemployment Rate,
2020-09-01,5.6,KY,Unemployment Rate,
2020-10-01,7.4,KY,Unemployment Rate,
2014-01-01,,KY,Real Per Capita Personal Income,41479.0
2015-01-01,,KY,Real Per Capita Personal Income,42863.0
2016-01-01,,KY,Real Per Capita Personal Income,43679.0
2017-01-01,,KY,Real Per Capita Personal Income,44431.0
2018-01-01,,KY,Real Per Capita Personal Income,44959.0
2019-01-01,4.7,LA,Unemployment Rate,
2019-02-01,4.6,LA,Unemployment Rate,
2019-03-01,4.5,LA,Unemployment Rate,
2019-04-01,4.5,LA,Unemployment Rate,
2019-05-01,4.5,LA,Unemployment Rate,
2019-06-01,4.6,LA,Unemployment Rate,
2019-07-01,4.7,LA,Unemployment Rate,
2019-08-01,4.9,LA,Unemployment Rate,
2019-09-01,5.1,LA,Unemployment Rate,
2019-10-01,5.2,LA,Unemployment Rate,
2019-11-01,5.2,LA,Unemployment Rate,
2019-12-01,5.2,LA,Unemployment Rate,
2020-01-01,5.3,LA,Unemployment Rate,
2020-02-01,5.2,LA,Unemployment Rate,
2020-03-01,6.7,LA,Unemployment Rate,
2020-04-01,15.1,LA,Unemployment Rate,
2020-05-01,14.2,LA,Unemployment Rate,
2020-06-01,9.5,LA,Unemployment Rate,
2020-07-01,9.4,LA,Unemployment Rate,
2020-08-01,7.7,LA,Unemployment Rate,
2020-09-01,8.0,LA,Unemployment Rate,
2020-10-01,9.4,LA,Unemployment Rate,
2014-01-01,,LA,Real Per Capita Personal Income,45732.0
2015-01-01,,LA,Real Per Capita Personal Income,46218.0
2016-01-01,,LA,Real Per Capita Personal Income,45812.0
2017-01-01,,LA,Real Per Capita Personal Income,46468.0
2018-01-01,,LA,Real Per Capita Personal Income,48178.0
2019-01-01,3.2,ME,Unemployment Rate,
2019-02-01,3.2,ME,Unemployment Rate,
2019-03-01,3.1,ME,Unemployment Rate,
2019-04-01,3.1,ME,Unemployment Rate,
2019-05-01,3.0,ME,Unemployment Rate,
2019-06-01,2.9,ME,Unemployment Rate,
2019-07-01,2.9,ME,Unemployment Rate,
2019-08-01,2.9,ME,Unemployment Rate,
2019-09-01,2.9,ME,Unemployment Rate,
2019-10-01,3.0,ME,Unemployment Rate,
2019-11-01,3.0,ME,Unemployment Rate,
2019-12-01,3.0,ME,Unemployment Rate,
2020-01-01,3.1,ME,Unemployment Rate,
2020-02-01,3.2,ME,Unemployment Rate,
2020-03-01,3.0,ME,Unemployment Rate,
2020-04-01,10.4,ME,Unemployment Rate,
2020-05-01,9.4,ME,Unemployment Rate,
2020-06-01,6.7,ME,Unemployment Rate,
2020-07-01,9.9,ME,Unemployment Rate,
2020-08-01,7.0,ME,Unemployment Rate,
2020-09-01,6.1,ME,Unemployment Rate,
2020-10-01,5.4,ME,Unemployment Rate,
2014-01-01,,ME,Real Per Capita Personal Income,41553.0
2015-01-01,,ME,Real Per Capita Personal Income,42816.0
2016-01-01,,ME,Real Per Capita Personal Income,43484.0
2017-01-01,,ME,Real Per Capita Personal Income,44566.0
2018-01-01,,ME,Real Per Capita Personal Income,45381.0
2019-01-01,3.8,MD,Unemployment Rate,
2019-02-01,3.7,MD,Unemployment Rate,
2019-03-01,3.7,MD,Unemployment Rate,
2019-04-01,3.7,MD,Unemployment Rate,
2019-05-01,3.7,MD,Unemployment Rate,
2019-06-01,3.6,MD,Unemployment Rate,
2019-07-01,3.6,MD,Unemployment Rate,
2019-08-01,3.6,MD,Unemployment Rate,
2019-09-01,3.5,MD,Unemployment Rate,
2019-10-01,3.4,MD,Unemployment Rate,
2019-11-01,3.4,MD,Unemployment Rate,
2019-12-01,3.4,MD,Unemployment Rate,
2020-01-01,3.3,MD,Unemployment Rate,
2020-02-01,3.3,MD,Unemployment Rate,
2020-03-01,3.3,MD,Unemployment Rate,
2020-04-01,10.1,MD,Unemployment Rate,
2020-05-01,10.0,MD,Unemployment Rate,
2020-06-01,8.3,MD,Unemployment Rate,
2020-07-01,7.8,MD,Unemployment Rate,
2020-08-01,7.0,MD,Unemployment Rate,
2020-09-01,7.6,MD,Unemployment Rate,
2020-10-01,7.8,MD,Unemployment Rate,
2014-01-01,,MD,Real Per Capita Personal Income,48331.0
2015-01-01,,MD,Real Per Capita Personal Income,50687.0
2016-01-01,,MD,Real Per Capita Personal Income,52193.0
2017-01-01,,MD,Real Per Capita Personal Income,52591.0
2018-01-01,,MD,Real Per Capita Personal Income,54360.0
2019-01-01,3.1,MA,Unemployment Rate,
2019-02-01,3.1,MA,Unemployment Rate,
2019-03-01,3.0,MA,Unemployment Rate,
2019-04-01,3.0,MA,Unemployment Rate,
2019-05-01,2.9,MA,Unemployment Rate,
2019-06-01,2.9,MA,Unemployment Rate,
2019-07-01,2.9,MA,Unemployment Rate,
2019-08-01,2.8,MA,Unemployment Rate,
2019-09-01,2.8,MA,Unemployment Rate,
2019-10-01,2.8,MA,Unemployment Rate,
2019-11-01,2.8,MA,Unemployment Rate,
2019-12-01,2.8,MA,Unemployment Rate,
2020-01-01,2.8,MA,Unemployment Rate,
2020-02-01,2.8,MA,Unemployment Rate,
2020-03-01,2.8,MA,Unemployment Rate,
2020-04-01,16.2,MA,Unemployment Rate,
2020-05-01,16.6,MA,Unemployment Rate,
2020-06-01,17.7,MA,Unemployment Rate,
2020-07-01,16.2,MA,Unemployment Rate,
2020-08-01,11.4,MA,Unemployment Rate,
2020-09-01,9.8,MA,Unemployment Rate,
2020-10-01,7.4,MA,Unemployment Rate,
2014-01-01,,MA,Real Per Capita Personal Income,54445.0
2015-01-01,,MA,Real Per Capita Personal Income,57480.0
2016-01-01,,MA,Real Per Capita Personal Income,57834.0
2017-01-01,,MA,Real Per Capita Personal Income,59333.0
2018-01-01,,MA,Real Per Capita Personal Income,60866.0
2019-01-01,4.2,MI,Unemployment Rate,
2019-02-01,4.2,MI,Unemployment Rate,
2019-03-01,4.3,MI,Unemployment Rate,
2019-04-01,4.3,MI,Unemployment Rate,
2019-05-01,4.2,MI,Unemployment Rate,
2019-06-01,4.2,MI,Unemployment Rate,
2019-07-01,4.1,MI,Unemployment Rate,
2019-08-01,4.0,MI,Unemployment Rate,
2019-09-01,3.9,MI,Unemployment Rate,
2019-10-01,3.9,MI,Unemployment Rate,
2019-11-01,3.9,MI,Unemployment Rate,
2019-12-01,3.9,MI,Unemployment Rate,
2020-01-01,3.8,MI,Unemployment Rate,
2020-02-01,3.6,MI,Unemployment Rate,
2020-03-01,4.3,MI,Unemployment Rate,
2020-04-01,24.0,MI,Unemployment Rate,
2020-05-01,21.3,MI,Unemployment Rate,
2020-06-01,14.9,MI,Unemployment Rate,
2020-07-01,8.7,MI,Unemployment Rate,
2020-08-01,8.7,MI,Unemployment Rate,
2020-09-01,8.6,MI,Unemployment Rate,
2020-10-01,5.5,MI,Unemployment Rate,
2014-01-01,,MI,Real Per Capita Personal Income,42839.0
2015-01-01,,MI,Real Per Capita Personal Income,45516.0
2016-01-01,,MI,Real Per Capita Personal Income,46597.0
2017-01-01,,MI,Real Per Capita Personal Income,47238.0
2018-01-01,,MI,Real Per Capita Personal Income,48742.0
2019-01-01,3.2,MN,Unemployment Rate,
2019-02-01,3.2,MN,Unemployment Rate,
2019-03-01,3.2,MN,Unemployment Rate,
2019-04-01,3.2,MN,Unemployment Rate,
2019-05-01,3.2,MN,Unemployment Rate,
2019-06-01,3.2,MN,Unemployment Rate,
2019-07-01,3.2,MN,Unemployment Rate,
2019-08-01,3.2,MN,Unemployment Rate,
2019-09-01,3.2,MN,Unemployment Rate,
2019-10-01,3.3,MN,Unemployment Rate,
2019-11-01,3.3,MN,Unemployment Rate,
2019-12-01,3.3,MN,Unemployment Rate,
2020-01-01,3.2,MN,Unemployment Rate,
2020-02-01,3.1,MN,Unemployment Rate,
2020-03-01,2.9,MN,Unemployment Rate,
2020-04-01,8.7,MN,Unemployment Rate,
2020-05-01,9.9,MN,Unemployment Rate,
2020-06-01,8.6,MN,Unemployment Rate,
2020-07-01,7.6,MN,Unemployment Rate,
2020-08-01,7.4,MN,Unemployment Rate,
2020-09-01,5.9,MN,Unemployment Rate,
2020-10-01,4.6,MN,Unemployment Rate,
2014-01-01,,MN,Real Per Capita Personal Income,50194.0
2015-01-01,,MN,Real Per Capita Personal Income,52335.0
2016-01-01,,MN,Real Per Capita Personal Income,52466.0
2017-01-01,,MN,Real Per Capita Personal Income,53151.0
2018-01-01,,MN,Real Per Capita Personal Income,54857.0
2019-01-01,5.1,MS,Unemployment Rate,
2019-02-01,5.2,MS,Unemployment Rate,
2019-03-01,5.3,MS,Unemployment Rate,
2019-04-01,5.3,MS,Unemployment Rate,
2019-05-01,5.4,MS,Unemployment Rate,
2019-06-01,5.4,MS,Unemployment Rate,
2019-07-01,5.5,MS,Unemployment Rate,
2019-08-01,5.5,MS,Unemployment Rate,
2019-09-01,5.6,MS,Unemployment Rate,
2019-10-01,5.6,MS,Unemployment Rate,
2019-11-01,5.6,MS,Unemployment Rate,
2019-12-01,5.6,MS,Unemployment Rate,
2020-01-01,5.5,MS,Unemployment Rate,
2020-02-01,5.4,MS,Unemployment Rate,
2020-03-01,5.1,MS,Unemployment Rate,
2020-04-01,16.3,MS,Unemployment Rate,
2020-05-01,10.5,MS,Unemployment Rate,
2020-06-01,8.8,MS,Unemployment Rate,
2020-07-01,9.4,MS,Unemployment Rate,
2020-08-01,7.8,MS,Unemployment Rate,
2020-09-01,7.2,MS,Unemployment Rate,
2020-10-01,7.4,MS,Unemployment Rate,
2014-01-01,,MS,Real Per Capita Personal Income,39055.0
2015-01-01,,MS,Real Per Capita Personal Income,39518.0
2016-01-01,,MS,Real Per Capita Personal Income,39925.0
2017-01-01,,MS,Real Per Capita Personal Income,40445.0
2018-01-01,,MS,Real Per Capita Personal Income,40927.0
2019-01-01,3.2,MO,Unemployment Rate,
2019-02-01,3.2,MO,Unemployment Rate,
2019-03-01,3.2,MO,Unemployment Rate,
2019-04-01,3.2,MO,Unemployment Rate,
2019-05-01,3.1,MO,Unemployment Rate,
2019-06-01,3.1,MO,Unemployment Rate,
2019-07-01,3.2,MO,Unemployment Rate,
2019-08-01,3.2,MO,Unemployment Rate,
2019-09-01,3.3,MO,Unemployment Rate,
2019-10-01,3.4,MO,Unemployment Rate,
2019-11-01,3.4,MO,Unemployment Rate,
2019-12-01,3.4,MO,Unemployment Rate,
2020-01-01,3.5,MO,Unemployment Rate,
2020-02-01,3.5,MO,Unemployment Rate,
2020-03-01,3.9,MO,Unemployment Rate,
2020-04-01,10.2,MO,Unemployment Rate,
2020-05-01,10.1,MO,Unemployment Rate,
2020-06-01,7.8,MO,Unemployment Rate,
2020-07-01,6.9,MO,Unemployment Rate,
2020-08-01,7.0,MO,Unemployment Rate,
2020-09-01,4.8,MO,Unemployment Rate,
2020-10-01,4.6,MO,Unemployment Rate,
2014-01-01,,MO,Real Per Capita Personal Income,45296.0
2015-01-01,,MO,Real Per Capita Personal Income,46782.0
2016-01-01,,MO,Real Per Capita Personal Income,47729.0
2017-01-01,,MO,Real Per Capita Personal Income,48433.0
2018-01-01,,MO,Real Per Capita Personal Income,49979.0
2019-01-01,3.5,MT,Unemployment Rate,
2019-02-01,3.5,MT,Unemployment Rate,
2019-03-01,3.5,MT,Unemployment Rate,
2019-04-01,3.5,MT,Unemployment Rate,
2019-05-01,3.5,MT,Unemployment Rate,
2019-06-01,3.5,MT,Unemployment Rate,
2019-07-01,3.5,MT,Unemployment Rate,
2019-08-01,3.5,MT,Unemployment Rate,
2019-09-01,3.5,MT,Unemployment Rate,
2019-10-01,3.5,MT,Unemployment Rate,
2019-11-01,3.5,MT,Unemployment Rate,
2019-12-01,3.5,MT,Unemployment Rate,
2020-01-01,3.5,MT,Unemployment Rate,
2020-02-01,3.5,MT,Unemployment Rate,
2020-03-01,3.6,MT,Unemployment Rate,
2020-04-01,11.9,MT,Unemployment Rate,
2020-05-01,9.0,MT,Unemployment Rate,
2020-06-01,7.2,MT,Unemployment Rate,
2020-07-01,6.5,MT,Unemployment Rate,
2020-08-01,5.8,MT,Unemployment Rate,
2020-09-01,5.4,MT,Unemployment Rate,
2020-10-01,4.9,MT,Unemployment Rate,
2014-01-01,,MT,Real Per Capita Personal Income,43089.0
2015-01-01,,MT,Real Per Capita Personal Income,44473.0
2016-01-01,,MT,Real Per Capita Personal Income,45107.0
2017-01-01,,MT,Real Per Capita Personal Income,45742.0
2018-01-01,,MT,Real Per Capita Personal Income,47407.0
2019-01-01,3.0,NE,Unemployment Rate,
2019-02-01,3.1,NE,Unemployment Rate,
2019-03-01,3.1,NE,Unemployment Rate,
2019-04-01,3.1,NE,Unemployment Rate,
2019-05-01,3.1,NE,Unemployment Rate,
2019-06-01,3.1,NE,Unemployment Rate,
2019-07-01,3.1,NE,Unemployment Rate,
2019-08-01,3.1,NE,Unemployment Rate,
2019-09-01,3.0,NE,Unemployment Rate,
2019-10-01,3.0,NE,Unemployment Rate,
2019-11-01,3.0,NE,Unemployment Rate,
2019-12-01,3.0,NE,Unemployment Rate,
2020-01-01,2.9,NE,Unemployment Rate,
2020-02-01,2.9,NE,Unemployment Rate,
2020-03-01,4.0,NE,Unemployment Rate,
2020-04-01,8.7,NE,Unemployment Rate,
2020-05-01,5.3,NE,Unemployment Rate,
2020-06-01,5.5,NE,Unemployment Rate,
2020-07-01,4.9,NE,Unemployment Rate,
2020-08-01,4.0,NE,Unemployment Rate,
2020-09-01,3.6,NE,Unemployment Rate,
2020-10-01,3.0,NE,Unemployment Rate,
2014-01-01,,NE,Real Per Capita Personal Income,52674.0
2015-01-01,,NE,Real Per Capita Personal Income,54565.0
2016-01-01,,NE,Real Per Capita Personal Income,53175.0
2017-01-01,,NE,Real Per Capita Personal Income,53522.0
2018-01-01,,NE,Real Per Capita Personal Income,55358.0
2019-01-01,4.2,NV,Unemployment Rate,
2019-02-01,4.1,NV,Unemployment Rate,
2019-03-01,4.1,NV,Unemployment Rate,
2019-04-01,4.0,NV,Unemployment Rate,
2019-05-01,4.0,NV,Unemployment Rate,
2019-06-01,3.9,NV,Unemployment Rate,
2019-07-01,3.9,NV,Unemployment Rate,
2019-08-01,3.8,NV,Unemployment Rate,
2019-09-01,3.7,NV,Unemployment Rate,
2019-10-01,3.7,NV,Unemployment Rate,
2019-11-01,3.7,NV,Unemployment Rate,
2019-12-01,3.7,NV,Unemployment Rate,
2020-01-01,3.6,NV,Unemployment Rate,
2020-02-01,3.6,NV,Unemployment Rate,
2020-03-01,6.9,NV,Unemployment Rate,
2020-04-01,30.1,NV,Unemployment Rate,
2020-05-01,25.3,NV,Unemployment Rate,
2020-06-01,15.2,NV,Unemployment Rate,
2020-07-01,14.2,NV,Unemployment Rate,
2020-08-01,13.3,NV,Unemployment Rate,
2020-09-01,12.5,NV,Unemployment Rate,
2020-10-01,12.0,NV,Unemployment Rate,
2014-01-01,,NV,Real Per Capita Personal Income,41457.0
2015-01-01,,NV,Real Per Capita Personal Income,44074.0
2016-01-01,,NV,Real Per Capita Personal Income,45173.0
2017-01-01,,NV,Real Per Capita Personal Income,46100.0
2018-01-01,,NV,Real Per Capita Personal Income,46970.0
2019-01-01,2.5,NH,Unemployment Rate,
2019-02-01,2.5,NH,Unemployment Rate,
2019-03-01,2.5,NH,Unemployment Rate,
2019-04-01,2.5,NH,Unemployment Rate,
2019-05-01,2.5,NH,Unemployment Rate,
2019-06-01,2.5,NH,Unemployment Rate,
2019-07-01,2.6,NH,Unemployment Rate,
2019-08-01,2.6,NH,Unemployment Rate,
2019-09-01,2.6,NH,Unemployment Rate,
2019-10-01,2.6,NH,Unemployment Rate,
2019-11-01,2.6,NH,Unemployment Rate,
2019-12-01,2.6,NH,Unemployment Rate,
2020-01-01,2.6,NH,Unemployment Rate,
2020-02-01,2.6,NH,Unemployment Rate,
2020-03-01,2.4,NH,Unemployment Rate,
2020-04-01,17.1,NH,Unemployment Rate,
2020-05-01,15.4,NH,Unemployment Rate,
2020-06-01,9.2,NH,Unemployment Rate,
2020-07-01,8.0,NH,Unemployment Rate,
2020-08-01,6.6,NH,Unemployment Rate,
2020-09-01,5.8,NH,Unemployment Rate,
2020-10-01,4.2,NH,Unemployment Rate,
2014-01-01,,NH,Real Per Capita Personal Income,48513.0
2015-01-01,,NH,Real Per Capita Personal Income,50376.0
2016-01-01,,NH,Real Per Capita Personal Income,50986.0
2017-01-01,,NH,Real Per Capita Personal Income,51977.0
2018-01-01,,NH,Real Per Capita Personal Income,53832.0
2019-01-01,3.7,NJ,Unemployment Rate,
2019-02-01,3.6,NJ,Unemployment Rate,
2019-03-01,3.5,NJ,Unemployment Rate,
2019-04-01,3.4,NJ,Unemployment Rate,
2019-05-01,3.3,NJ,Unemployment Rate,
2019-06-01,3.3,NJ,Unemployment Rate,
2019-07-01,3.3,NJ,Unemployment Rate,
2019-08-01,3.5,NJ,Unemployment Rate,
2019-09-01,3.6,NJ,Unemployment Rate,
2019-10-01,3.7,NJ,Unemployment Rate,
2019-11-01,3.7,NJ,Unemployment Rate,
2019-12-01,3.7,NJ,Unemployment Rate,
2020-01-01,3.8,NJ,Unemployment Rate,
2020-02-01,3.8,NJ,Unemployment Rate,
2020-03-01,3.7,NJ,Unemployment Rate,
2020-04-01,16.3,NJ,Unemployment Rate,
2020-05-01,15.4,NJ,Unemployment Rate,
2020-06-01,16.8,NJ,Unemployment Rate,
2020-07-01,14.2,NJ,Unemployment Rate,
2020-08-01,11.1,NJ,Unemployment Rate,
2020-09-01,6.7,NJ,Unemployment Rate,
2020-10-01,8.2,NJ,Unemployment Rate,
2014-01-01,,NJ,Real Per Capita Personal Income,50218.0
2015-01-01,,NJ,Real Per Capita Personal Income,52421.0
2016-01-01,,NJ,Real Per Capita Personal Income,52973.0
2017-01-01,,NJ,Real Per Capita Personal Income,54140.0
2018-01-01,,NJ,Real Per Capita Personal Income,55174.0
2019-01-01,5.0,NM,Unemployment Rate,
2019-02-01,5.0,NM,Unemployment Rate,
2019-03-01,5.0,NM,Unemployment Rate,
2019-04-01,5.0,NM,Unemployment Rate,
2019-05-01,4.9,NM,Unemployment Rate,
2019-06-01,4.9,NM,Unemployment Rate,
2019-07-01,4.8,NM,Unemployment Rate,
2019-08-01,4.8,NM,Unemployment Rate,
2019-09-01,4.8,NM,Unemployment Rate,
2019-10-01,4.8,NM,Unemployment Rate,
2019-11-01,4.8,NM,Unemployment Rate,
2019-12-01,4.8,NM,Unemployment Rate,
2020-01-01,4.8,NM,Unemployment Rate,
2020-02-01,4.8,NM,Unemployment Rate,
2020-03-01,6.3,NM,Unemployment Rate,
2020-04-01,11.9,NM,Unemployment Rate,
2020-05-01,9.1,NM,Unemployment Rate,
2020-06-01,8.4,NM,Unemployment Rate,
2020-07-01,12.7,NM,Unemployment Rate,
2020-08-01,11.4,NM,Unemployment Rate,
2020-09-01,9.9,NM,Unemployment Rate,
2020-10-01,8.1,NM,Unemployment Rate,
2014-01-01,,NM,Real Per Capita Personal Income,38242.0
2015-01-01,,NM,Real Per Capita Personal Income,39660.0
2016-01-01,,NM,Real Per Capita Personal Income,40522.0
2017-01-01,,NM,Real Per Capita Personal Income,40548.0
2018-01-01,,NM,Real Per Capita Personal Income,42491.0
2019-01-01,4.0,NY,Unemployment Rate,
2019-02-01,4.0,NY,Unemployment Rate,
2019-03-01,4.0,NY,Unemployment Rate,
2019-04-01,4.0,NY,Unemployment Rate,
2019-05-01,4.0,NY,Unemployment Rate,
2019-06-01,3.9,NY,Unemployment Rate,
2019-07-01,3.9,NY,Unemployment Rate,
2019-08-01,3.9,NY,Unemployment Rate,
2019-09-01,3.9,NY,Unemployment Rate,
2019-10-01,3.9,NY,Unemployment Rate,
2019-11-01,3.9,NY,Unemployment Rate,
2019-12-01,3.9,NY,Unemployment Rate,
2020-01-01,3.8,NY,Unemployment Rate,
2020-02-01,3.7,NY,Unemployment Rate,
2020-03-01,4.1,NY,Unemployment Rate,
2020-04-01,15.3,NY,Unemployment Rate,
2020-05-01,14.5,NY,Unemployment Rate,
2020-06-01,15.6,NY,Unemployment Rate,
2020-07-01,15.9,NY,Unemployment Rate,
2020-08-01,12.5,NY,Unemployment Rate,
2020-09-01,9.7,NY,Unemployment Rate,
2020-10-01,9.6,NY,Unemployment Rate,
2014-01-01,,NY,Real Per Capita Personal Income,47783.0
2015-01-01,,NY,Real Per Capita Personal Income,49675.0
2016-01-01,,NY,Real Per Capita Personal Income,50735.0
2017-01-01,,NY,Real Per Capita Personal Income,53592.0
2018-01-01,,NY,Real Per Capita Personal Income,54819.0
2019-01-01,4.0,NC,Unemployment Rate,
2019-02-01,4.1,NC,Unemployment Rate,
2019-03-01,4.1,NC,Unemployment Rate,
2019-04-01,4.1,NC,Unemployment Rate,
2019-05-01,4.0,NC,Unemployment Rate,
2019-06-01,4.0,NC,Unemployment Rate,
2019-07-01,3.9,NC,Unemployment Rate,
2019-08-01,3.8,NC,Unemployment Rate,
2019-09-01,3.7,NC,Unemployment Rate,
2019-10-01,3.7,NC,Unemployment Rate,
2019-11-01,3.6,NC,Unemployment Rate,
2019-12-01,3.6,NC,Unemployment Rate,
2020-01-01,3.6,NC,Unemployment Rate,
2020-02-01,3.6,NC,Unemployment Rate,
2020-03-01,4.3,NC,Unemployment Rate,
2020-04-01,12.9,NC,Unemployment Rate,
2020-05-01,12.8,NC,Unemployment Rate,
2020-06-01,7.5,NC,Unemployment Rate,
2020-07-01,8.5,NC,Unemployment Rate,
2020-08-01,6.5,NC,Unemployment Rate,
2020-09-01,7.2,NC,Unemployment Rate,
2020-10-01,6.3,NC,Unemployment Rate,
2014-01-01,,NC,Real Per Capita Personal Income,42706.0
2015-01-01,,NC,Real Per Capita Personal Income,44641.0
2016-01-01,,NC,Real Per Capita Personal Income,45044.0
2017-01-01,,NC,Real Per Capita Personal Income,45703.0
2018-01-01,,NC,Real Per Capita Personal Income,46650.0
2019-01-01,2.3,ND,Unemployment Rate,
2019-02-01,2.3,ND,Unemployment Rate,
2019-03-01,2.3,ND,Unemployment Rate,
2019-04-01,2.3,ND,Unemployment Rate,
2019-05-01,2.4,ND,Unemployment Rate,
2019-06-01,2.4,ND,Unemployment Rate,
2019-07-01,2.4,ND,Unemployment Rate,
2019-08-01,2.4,ND,Unemployment Rate,
2019-09-01,2.4,ND,Unemployment Rate,
2019-10-01,2.4,ND,Unemployment Rate,
2019-11-01,2.4,ND,Unemployment Rate,
2019-12-01,2.4,ND,Unemployment Rate,
2020-01-01,2.3,ND,Unemployment Rate,
2020-02-01,2.2,ND,Unemployment Rate,
2020-03-01,2.0,ND,Unemployment Rate,
2020-04-01,9.1,ND,Unemployment Rate,
2020-05-01,9.1,ND,Unemployment Rate,
2020-06-01,7.4,ND,Unemployment Rate,
2020-07-01,6.6,ND,Unemployment Rate,
2020-08-01,5.0,ND,Unemployment Rate,
2020-09-01,4.4,ND,Unemployment Rate,
2020-10-01,4.8,ND,Unemployment Rate,
2014-01-01,,ND,Real Per Capita Personal Income,59875.0
2015-01-01,,ND,Real Per Capita Personal Income,56912.0
2016-01-01,,ND,Real Per Capita Personal Income,55405.0
2017-01-01,,ND,Real Per Capita Personal Income,55221.0
2018-01-01,,ND,Real Per Capita Personal Income,57008.0
2019-01-01,4.3,OH,Unemployment Rate,
2019-02-01,4.2,OH,Unemployment Rate,
2019-03-01,4.1,OH,Unemployment Rate,
2019-04-01,4.1,OH,Unemployment Rate,
2019-05-01,4.1,OH,Unemployment Rate,
2019-06-01,4.1,OH,Unemployment Rate,
2019-07-01,4.2,OH,Unemployment Rate,
2019-08-01,4.2,OH,Unemployment Rate,
2019-09-01,4.1,OH,Unemployment Rate,
2019-10-01,4.1,OH,Unemployment Rate,
2019-11-01,4.1,OH,Unemployment Rate,
2019-12-01,4.1,OH,Unemployment Rate,
2020-01-01,4.1,OH,Unemployment Rate,
2020-02-01,4.1,OH,Unemployment Rate,
2020-03-01,5.8,OH,Unemployment Rate,
2020-04-01,17.6,OH,Unemployment Rate,
2020-05-01,13.9,OH,Unemployment Rate,
2020-06-01,11.0,OH,Unemployment Rate,
2020-07-01,9.0,OH,Unemployment Rate,
2020-08-01,8.9,OH,Unemployment Rate,
2020-09-01,8.3,OH,Unemployment Rate,
2020-10-01,5.6,OH,Unemployment Rate,
2014-01-01,,OH,Real Per Capita Personal Income,46569.0
2015-01-01,,OH,Real Per Capita Personal Income,48316.0
2016-01-01,,OH,Real Per Capita Personal Income,48719.0
2017-01-01,,OH,Real Per Capita Personal Income,49737.0
2018-01-01,,OH,Real Per Capita Personal Income,51249.0
2019-01-01,3.3,OK,Unemployment Rate,
2019-02-01,3.3,OK,Unemployment Rate,
2019-03-01,3.2,OK,Unemployment Rate,
2019-04-01,3.2,OK,Unemployment Rate,
2019-05-01,3.2,OK,Unemployment Rate,
2019-06-01,3.2,OK,Unemployment Rate,
2019-07-01,3.3,OK,Unemployment Rate,
2019-08-01,3.3,OK,Unemployment Rate,
2019-09-01,3.3,OK,Unemployment Rate,
2019-10-01,3.4,OK,Unemployment Rate,
2019-11-01,3.4,OK,Unemployment Rate,
2019-12-01,3.4,OK,Unemployment Rate,
2020-01-01,3.3,OK,Unemployment Rate,
2020-02-01,3.2,OK,Unemployment Rate,
2020-03-01,2.9,OK,Unemployment Rate,
2020-04-01,14.7,OK,Unemployment Rate,
2020-05-01,12.6,OK,Unemployment Rate,
2020-06-01,6.4,OK,Unemployment Rate,
2020-07-01,7.1,OK,Unemployment Rate,
2020-08-01,5.7,OK,Unemployment Rate,
2020-09-01,5.4,OK,Unemployment Rate,
2020-10-01,6.1,OK,Unemployment Rate,
2014-01-01,,OK,Real Per Capita Personal Income,49556.0
2015-01-01,,OK,Real Per Capita Personal Income,47908.0
2016-01-01,,OK,Real Per Capita Personal Income,45518.0
2017-01-01,,OK,Real Per Capita Personal Income,46671.0
2018-01-01,,OK,Real Per Capita Personal Income,48633.0
2019-01-01,4.2,OR,Unemployment Rate,
2019-02-01,4.2,OR,Unemployment Rate,
2019-03-01,4.1,OR,Unemployment Rate,
2019-04-01,4.0,OR,Unemployment Rate,
2019-05-01,3.9,OR,Unemployment Rate,
2019-06-01,3.8,OR,Unemployment Rate,
2019-07-01,3.7,OR,Unemployment Rate,
2019-08-01,3.6,OR,Unemployment Rate,
2019-09-01,3.5,OR,Unemployment Rate,
2019-10-01,3.4,OR,Unemployment Rate,
2019-11-01,3.4,OR,Unemployment Rate,
2019-12-01,3.4,OR,Unemployment Rate,
2020-01-01,3.3,OR,Unemployment Rate,
2020-02-01,3.3,OR,Unemployment Rate,
2020-03-01,3.5,OR,Unemployment Rate,
2020-04-01,14.9,OR,Unemployment Rate,
2020-05-01,14.3,OR,Unemployment Rate,
2020-06-01,11.6,OR,Unemployment Rate,
2020-07-01,10.4,OR,Unemployment Rate,
2020-08-01,8.5,OR,Unemployment Rate,
2020-09-01,7.9,OR,Unemployment Rate,
2020-10-01,6.9,OR,Unemployment Rate,
2014-01-01,,OR,Real Per Capita Personal Income,41881.0
2015-01-01,,OR,Real Per Capita Personal Income,44612.0
2016-01-01,,OR,Real Per Capita Personal Income,44624.0
2017-01-01,,OR,Real Per Capita Personal Income,45618.0
2018-01-01,,OR,Real Per Capita Personal Income,46819.0
2019-01-01,4.1,PA,Unemployment Rate,
2019-02-01,4.1,PA,Unemployment Rate,
2019-03-01,4.1,PA,Unemployment Rate,
2019-04-01,4.1,PA,Unemployment Rate,
2019-05-01,4.2,PA,Unemployment Rate,
2019-06-01,4.3,PA,Unemployment Rate,
2019-07-01,4.4,PA,Unemployment Rate,
2019-08-01,4.5,PA,Unemployment Rate,
2019-09-01,4.6,PA,Unemployment Rate,
2019-10-01,4.6,PA,Unemployment Rate,
2019-11-01,4.6,PA,Unemployment Rate,
2019-12-01,4.6,PA,Unemployment Rate,
2020-01-01,4.7,PA,Unemployment Rate,
2020-02-01,4.7,PA,Unemployment Rate,
2020-03-01,5.8,PA,Unemployment Rate,
2020-04-01,16.1,PA,Unemployment Rate,
2020-05-01,13.4,PA,Unemployment Rate,
2020-06-01,13.2,PA,Unemployment Rate,
2020-07-01,12.5,PA,Unemployment Rate,
2020-08-01,10.4,PA,Unemployment Rate,
2020-09-01,8.3,PA,Unemployment Rate,
2020-10-01,7.3,PA,Unemployment Rate,
2014-01-01,,PA,Real Per Capita Personal Income,48068.0
2015-01-01,,PA,Real Per Capita Personal Income,49881.0
2016-01-01,,PA,Real Per Capita Personal Income,50700.0
2017-01-01,,PA,Real Per Capita Personal Income,51608.0
2018-01-01,,PA,Real Per Capita Personal Income,53566.0
2019-01-01,3.7,RI,Unemployment Rate,
2019-02-01,3.7,RI,Unemployment Rate,
2019-03-01,3.6,RI,Unemployment Rate,
2019-04-01,3.6,RI,Unemployment Rate,
2019-05-01,3.6,RI,Unemployment Rate,
2019-06-01,3.6,RI,Unemployment Rate,
2019-07-01,3.6,RI,Unemployment Rate,
2019-08-01,3.5,RI,Unemployment Rate,
2019-09-01,3.5,RI,Unemployment Rate,
2019-10-01,3.5,RI,Unemployment Rate,
2019-11-01,3.5,RI,Unemployment Rate,
2019-12-01,3.5,RI,Unemployment Rate,
2020-01-01,3.4,RI,Unemployment Rate,
2020-02-01,3.4,RI,Unemployment Rate,
2020-03-01,4.7,RI,Unemployment Rate,
2020-04-01,18.1,RI,Unemployment Rate,
2020-05-01,16.4,RI,Unemployment Rate,
2020-06-01,12.6,RI,Unemployment Rate,
2020-07-01,11.3,RI,Unemployment Rate,
2020-08-01,12.9,RI,Unemployment Rate,
2020-09-01,10.5,RI,Unemployment Rate,
2020-10-01,7.0,RI,Unemployment Rate,
2014-01-01,,RI,Real Per Capita Personal Income,47004.0
2015-01-01,,RI,Real Per Capita Personal Income,48723.0
2016-01-01,,RI,Real Per Capita Personal Income,48424.0
2017-01-01,,RI,Real Per Capita Personal Income,50045.0
2018-01-01,,RI,Real Per Capita Personal Income,51261.0
2019-01-01,3.4,SC,Unemployment Rate,
2019-02-01,3.4,SC,Unemployment Rate,
2019-03-01,3.4,SC,Unemployment Rate,
2019-04-01,3.3,SC,Unemployment Rate,
2019-05-01,3.1,SC,Unemployment Rate,
2019-06-01,2.9,SC,Unemployment Rate,
2019-07-01,2.7,SC,Unemployment Rate,
2019-08-01,2.5,SC,Unemployment Rate,
2019-09-01,2.4,SC,Unemployment Rate,
2019-10-01,2.4,SC,Unemployment Rate,
2019-11-01,2.4,SC,Unemployment Rate,
2019-12-01,2.4,SC,Unemployment Rate,
2020-01-01,2.4,SC,Unemployment Rate,
2020-02-01,2.5,SC,Unemployment Rate,
2020-03-01,3.2,SC,Unemployment Rate,
2020-04-01,12.8,SC,Unemployment Rate,
2020-05-01,12.4,SC,Unemployment Rate,
2020-06-01,8.7,SC,Unemployment Rate,
2020-07-01,8.7,SC,Unemployment Rate,
2020-08-01,6.4,SC,Unemployment Rate,
2020-09-01,5.2,SC,Unemployment Rate,
2020-10-01,4.2,SC,Unemployment Rate,
2014-01-01,,SC,Real Per Capita Personal Income,40710.0
2015-01-01,,SC,Real Per Capita Personal Income,42514.0
2016-01-01,,SC,Real Per Capita Personal Income,42935.0
2017-01-01,,SC,Real Per Capita Personal Income,43946.0
2018-01-01,,SC,Real Per Capita Personal Income,44531.0
2019-01-01,3.1,SD,Unemployment Rate,
2019-02-01,3.1,SD,Unemployment Rate,
2019-03-01,3.2,SD,Unemployment Rate,
2019-04-01,3.2,SD,Unemployment Rate,
2019-05-01,3.3,SD,Unemployment Rate,
2019-06-01,3.3,SD,Unemployment Rate,
2019-07-01,3.3,SD,Unemployment Rate,
2019-08-01,3.3,SD,Unemployment Rate,
2019-09-01,3.4,SD,Unemployment Rate,
2019-10-01,3.4,SD,Unemployment Rate,
2019-11-01,3.4,SD,Unemployment Rate,
2019-12-01,3.4,SD,Unemployment Rate,
2020-01-01,3.4,SD,Unemployment Rate,
2020-02-01,3.3,SD,Unemployment Rate,
2020-03-01,3.1,SD,Unemployment Rate,
2020-04-01,10.9,SD,Unemployment Rate,
2020-05-01,9.4,SD,Unemployment Rate,
2020-06-01,7.2,SD,Unemployment Rate,
2020-07-01,6.4,SD,Unemployment Rate,
2020-08-01,4.8,SD,Unemployment Rate,
2020-09-01,4.1,SD,Unemployment Rate,
2020-10-01,3.6,SD,Unemployment Rate,
2014-01-01,,SD,Real Per Capita Personal Income,51968.0
2015-01-01,,SD,Real Per Capita Personal Income,53774.0
2016-01-01,,SD,Real Per Capita Personal Income,53098.0
2017-01-01,,SD,Real Per Capita Personal Income,53089.0
2018-01-01,,SD,Real Per Capita Personal Income,55377.0
2019-01-01,3.4,TN,Unemployment Rate,
2019-02-01,3.4,TN,Unemployment Rate,
2019-03-01,3.5,TN,Unemployment Rate,
2019-04-01,3.5,TN,Unemployment Rate,
2019-05-01,3.5,TN,Unemployment Rate,
2019-06-01,3.4,TN,Unemployment Rate,
2019-07-01,3.4,TN,Unemployment Rate,
2019-08-01,3.4,TN,Unemployment Rate,
2019-09-01,3.3,TN,Unemployment Rate,
2019-10-01,3.3,TN,Unemployment Rate,
2019-11-01,3.3,TN,Unemployment Rate,
2019-12-01,3.3,TN,Unemployment Rate,
2020-01-01,3.3,TN,Unemployment Rate,
2020-02-01,3.4,TN,Unemployment Rate,
2020-03-01,3.3,TN,Unemployment Rate,
2020-04-01,15.5,TN,Unemployment Rate,
2020-05-01,11.0,TN,Unemployment Rate,
2020-06-01,9.6,TN,Unemployment Rate,
2020-07-01,9.7,TN,Unemployment Rate,
2020-08-01,8.6,TN,Unemployment Rate,
2020-09-01,6.5,TN,Unemployment Rate,
2020-10-01,7.4,TN,Unemployment Rate,
2014-01-01,,TN,Real Per Capita Personal Income,44269.0
2015-01-01,,TN,Real Per Capita Personal Income,46076.0
2016-01-01,,TN,Real Per Capita Personal Income,47031.0
2017-01-01,,TN,Real Per Capita Personal Income,47459.0
2018-01-01,,TN,Real Per Capita Personal Income,48441.0
2019-01-01,3.7,TX,Unemployment Rate,
2019-02-01,3.6,TX,Unemployment Rate,
2019-03-01,3.5,TX,Unemployment Rate,
2019-04-01,3.5,TX,Unemployment Rate,
2019-05-01,3.4,TX,Unemployment Rate,
2019-06-01,3.4,TX,Unemployment Rate,
2019-07-01,3.5,TX,Unemployment Rate,
2019-08-01,3.5,TX,Unemployment Rate,
2019-09-01,3.5,TX,Unemployment Rate,
2019-10-01,3.5,TX,Unemployment Rate,
2019-11-01,3.5,TX,Unemployment Rate,
2019-12-01,3.5,TX,Unemployment Rate,
2020-01-01,3.5,TX,Unemployment Rate,
2020-02-01,3.5,TX,Unemployment Rate,
2020-03-01,5.1,TX,Unemployment Rate,
2020-04-01,13.5,TX,Unemployment Rate,
2020-05-01,13.0,TX,Unemployment Rate,
2020-06-01,8.4,TX,Unemployment Rate,
2020-07-01,8.0,TX,Unemployment Rate,
2020-08-01,6.8,TX,Unemployment Rate,
2020-09-01,8.3,TX,Unemployment Rate,
2020-10-01,6.9,TX,Unemployment Rate,
2014-01-01,,TX,Real Per Capita Personal Income,46732.0
2015-01-01,,TX,Real Per Capita Personal Income,46845.0
2016-01-01,,TX,Real Per Capita Personal Income,45540.0
2017-01-01,,TX,Real Per Capita Personal Income,46954.0
2018-01-01,,TX,Real Per Capita Personal Income,48443.0
2019-01-01,2.9,UT,Unemployment Rate,
2019-02-01,2.8,UT,Unemployment Rate,
2019-03-01,2.8,UT,Unemployment Rate,
2019-04-01,2.7,UT,Unemployment Rate,
2019-05-01,2.7,UT,Unemployment Rate,
2019-06-01,2.6,UT,Unemployment Rate,
2019-07-01,2.5,UT,Unemployment Rate,
2019-08-01,2.5,UT,Unemployment Rate,
2019-09-01,2.5,UT,Unemployment Rate,
2019-10-01,2.4,UT,Unemployment Rate,
2019-11-01,2.4,UT,Unemployment Rate,
2019-12-01,2.4,UT,Unemployment Rate,
2020-01-01,2.5,UT,Unemployment Rate,
2020-02-01,2.5,UT,Unemployment Rate,
2020-03-01,3.8,UT,Unemployment Rate,
2020-04-01,10.4,UT,Unemployment Rate,
2020-05-01,8.6,UT,Unemployment Rate,
2020-06-01,5.3,UT,Unemployment Rate,
2020-07-01,4.5,UT,Unemployment Rate,
2020-08-01,4.1,UT,Unemployment Rate,
2020-09-01,5.0,UT,Unemployment Rate,
2020-10-01,4.1,UT,Unemployment Rate,
2014-01-01,,UT,Real Per Capita Personal Income,38759.0
2015-01-01,,UT,Real Per Capita Personal Income,41220.0
2016-01-01,,UT,Real Per Capita Personal Income,42532.0
2017-01-01,,UT,Real Per Capita Personal Income,43478.0
2018-01-01,,UT,Real Per Capita Personal Income,44618.0
2019-01-01,2.4,VT,Unemployment Rate,
2019-02-01,2.3,VT,Unemployment Rate,
2019-03-01,2.3,VT,Unemployment Rate,
2019-04-01,2.3,VT,Unemployment Rate,
2019-05-01,2.3,VT,Unemployment Rate,
2019-06-01,2.4,VT,Unemployment Rate,
2019-07-01,2.4,VT,Unemployment Rate,
2019-08-01,2.4,VT,Unemployment Rate,
2019-09-01,2.4,VT,Unemployment Rate,
2019-10-01,2.4,VT,Unemployment Rate,
2019-11-01,2.4,VT,Unemployment Rate,
2019-12-01,2.4,VT,Unemployment Rate,
2020-01-01,2.4,VT,Unemployment Rate,
2020-02-01,2.4,VT,Unemployment Rate,
2020-03-01,3.1,VT,Unemployment Rate,
2020-04-01,16.5,VT,Unemployment Rate,
2020-05-01,12.8,VT,Unemployment Rate,
2020-06-01,9.5,VT,Unemployment Rate,
2020-07-01,8.3,VT,Unemployment Rate,
2020-08-01,4.8,VT,Unemployment Rate,
2020-09-01,4.3,VT,Unemployment Rate,
2020-10-01,3.2,VT,Unemployment Rate,
2014-01-01,,VT,Real Per Capita Personal Income,45415.0
2015-01-01,,VT,Real Per Capita Personal Income,46924.0
2016-01-01,,VT,Real Per Capita Personal Income,47703.0
2017-01-01,,VT,Real Per Capita Personal Income,47747.0
2018-01-01,,VT,Real Per Capita Personal Income,49001.0
2019-01-01,3.0,VA,Unemployment Rate,
2019-02-01,3.0,VA,Unemployment Rate,
2019-03-01,2.9,VA,Unemployment Rate,
2019-04-01,2.9,VA,Unemployment Rate,
2019-05-01,2.8,VA,Unemployment Rate,
2019-06-01,2.8,VA,Unemployment Rate,
2019-07-01,2.7,VA,Unemployment Rate,
2019-08-01,2.7,VA,Unemployment Rate,
2019-09-01,2.7,VA,Unemployment Rate,
2019-10-01,2.7,VA,Unemployment Rate,
2019-11-01,2.7,VA,Unemployment Rate,
2019-12-01,2.7,VA,Unemployment Rate,
2020-01-01,2.7,VA,Unemployment Rate,
2020-02-01,2.6,VA,Unemployment Rate,
2020-03-01,3.3,VA,Unemployment Rate,
2020-04-01,11.2,VA,Unemployment Rate,
2020-05-01,9.0,VA,Unemployment Rate,
2020-06-01,8.1,VA,Unemployment Rate,
2020-07-01,7.9,VA,Unemployment Rate,
2020-08-01,6.1,VA,Unemployment Rate,
2020-09-01,6.2,VA,Unemployment Rate,
2020-10-01,5.3,VA,Unemployment Rate,
2014-01-01,,VA,Real Per Capita Personal Income,48137.0
2015-01-01,,VA,Real Per Capita Personal Income,50145.0
2016-01-01,,VA,Real Per Capita Personal Income,50577.0
2017-01-01,,VA,Real Per Capita Personal Income,51376.0
2018-01-01,,VA,Real Per Capita Personal Income,52704.0
2019-01-01,4.5,WA,Unemployment Rate,
2019-02-01,4.5,WA,Unemployment Rate,
2019-03-01,4.5,WA,Unemployment Rate,
2019-04-01,4.4,WA,Unemployment Rate,
2019-05-01,4.4,WA,Unemployment Rate,
2019-06-01,4.3,WA,Unemployment Rate,
2019-07-01,4.2,WA,Unemployment Rate,
2019-08-01,4.2,WA,Unemployment Rate,
2019-09-01,4.1,WA,Unemployment Rate,
2019-10-01,4.0,WA,Unemployment Rate,
2019-11-01,4.0,WA,Unemployment Rate,
2019-12-01,4.0,WA,Unemployment Rate,
2020-01-01,3.9,WA,Unemployment Rate,
2020-02-01,3.8,WA,Unemployment Rate,
2020-03-01,5.1,WA,Unemployment Rate,
2020-04-01,16.3,WA,Unemployment Rate,
2020-05-01,15.1,WA,Unemployment Rate,
2020-06-01,10.0,WA,Unemployment Rate,
2020-07-01,10.2,WA,Unemployment Rate,
2020-08-01,8.4,WA,Unemployment Rate,
2020-09-01,8.3,WA,Unemployment Rate,
2020-10-01,6.0,WA,Unemployment Rate,
2014-01-01,,WA,Real Per Capita Personal Income,47801.0
2015-01-01,,WA,Real Per Capita Personal Income,49770.0
2016-01-01,,WA,Real Per Capita Personal Income,50754.0
2017-01-01,,WA,Real Per Capita Personal Income,51973.0
2018-01-01,,WA,Real Per Capita Personal Income,53502.0
2019-01-01,4.9,WV,Unemployment Rate,
2019-02-01,4.8,WV,Unemployment Rate,
2019-03-01,4.8,WV,Unemployment Rate,
2019-04-01,4.7,WV,Unemployment Rate,
2019-05-01,4.7,WV,Unemployment Rate,
2019-06-01,4.7,WV,Unemployment Rate,
2019-07-01,4.8,WV,Unemployment Rate,
2019-08-01,4.9,WV,Unemployment Rate,
2019-09-01,5.0,WV,Unemployment Rate,
2019-10-01,5.1,WV,Unemployment Rate,
2019-11-01,5.1,WV,Unemployment Rate,
2019-12-01,5.1,WV,Unemployment Rate,
2020-01-01,5.0,WV,Unemployment Rate,
2020-02-01,4.9,WV,Unemployment Rate,
2020-03-01,6.0,WV,Unemployment Rate,
2020-04-01,15.9,WV,Unemployment Rate,
2020-05-01,12.9,WV,Unemployment Rate,
2020-06-01,10.5,WV,Unemployment Rate,
2020-07-01,10.0,WV,Unemployment Rate,
2020-08-01,8.9,WV,Unemployment Rate,
2020-09-01,8.6,WV,Unemployment Rate,
2020-10-01,6.4,WV,Unemployment Rate,
2014-01-01,,WV,Real Per Capita Personal Income,39923.0
2015-01-01,,WV,Real Per Capita Personal Income,40468.0
2016-01-01,,WV,Real Per Capita Personal Income,40531.0
2017-01-01,,WV,Real Per Capita Personal Income,41967.0
2018-01-01,,WV,Real Per Capita Personal Income,43268.0
2019-01-01,3.1,WI,Unemployment Rate,
2019-02-01,3.2,WI,Unemployment Rate,
2019-03-01,3.2,WI,Unemployment Rate,
2019-04-01,3.3,WI,Unemployment Rate,
2019-05-01,3.3,WI,Unemployment Rate,
2019-06-01,3.4,WI,Unemployment Rate,
2019-07-01,3.4,WI,Unemployment Rate,
2019-08-01,3.4,WI,Unemployment Rate,
2019-09-01,3.4,WI,Unemployment Rate,
2019-10-01,3.5,WI,Unemployment Rate,
2019-11-01,3.5,WI,Unemployment Rate,
2019-12-01,3.5,WI,Unemployment Rate,
2020-01-01,3.5,WI,Unemployment Rate,
2020-02-01,3.5,WI,Unemployment Rate,
2020-03-01,3.1,WI,Unemployment Rate,
2020-04-01,13.6,WI,Unemployment Rate,
2020-05-01,12.1,WI,Unemployment Rate,
2020-06-01,8.6,WI,Unemployment Rate,
2020-07-01,7.1,WI,Unemployment Rate,
2020-08-01,6.3,WI,Unemployment Rate,
2020-09-01,5.4,WI,Unemployment Rate,
2020-10-01,5.7,WI,Unemployment Rate,
2014-01-01,,WI,Real Per Capita Personal Income,46897.0
2015-01-01,,WI,Real Per Capita Personal Income,48833.0
2016-01-01,,WI,Real Per Capita Personal Income,49518.0
2017-01-01,,WI,Real Per Capita Personal Income,50540.0
2018-01-01,,WI,Real Per Capita Personal Income,52182.0
2019-01-01,3.5,WY,Unemployment Rate,
2019-02-01,3.5,WY,Unemployment Rate,
2019-03-01,3.4,WY,Unemployment Rate,
2019-04-01,3.5,WY,Unemployment Rate,
2019-05-01,3.5,WY,Unemployment Rate,
2019-06-01,3.6,WY,Unemployment Rate,
2019-07-01,3.7,WY,Unemployment Rate,
2019-08-01,3.7,WY,Unemployment Rate,
2019-09-01,3.7,WY,Unemployment Rate,
2019-10-01,3.7,WY,Unemployment Rate,
2019-11-01,3.7,WY,Unemployment Rate,
2019-12-01,3.7,WY,Unemployment Rate,
2020-01-01,3.7,WY,Unemployment Rate,
2020-02-01,3.7,WY,Unemployment Rate,
2020-03-01,3.8,WY,Unemployment Rate,
2020-04-01,9.6,WY,Unemployment Rate,
2020-05-01,8.8,WY,Unemployment Rate,
2020-06-01,7.6,WY,Unemployment Rate,
2020-07-01,7.1,WY,Unemployment Rate,
2020-08-01,6.6,WY,Unemployment Rate,
2020-09-01,6.1,WY,Unemployment Rate,
2020-10-01,5.5,WY,Unemployment Rate,
2014-01-01,,WY,Real Per Capita Personal Income,57058.0
2015-01-01,,WY,Real Per Capita Personal Income,57604.0
2016-01-01,,WY,Real Per Capita Personal Income,54891.0
2017-01-01,,WY,Real Per Capita Personal Income,56541.0
2018-01-01,,WY,Real Per Capita Personal Income,60458.0
